,Company Name,Job Title,Company Location
0,Tata Consultancy Services,Quality Analyst,"Mumbai, Maharashtra, India (Hybrid)"
1,SkillVertex,WEB DEVELOPMENT STUDENT INTERN,"Bengaluru, Karnataka, India (Remote)"
2,JPMorgan Chase & Co.,Software Engineering - Python Developer,"Mumbai, Maharashtra, India"
3,Wipro,Application Analyst-Technology,"Mumbai, Maharashtra, India (On-site)"
4,privado.ai,Software Engineer Intern,"Pune, Maharashtra, India (Remote)"
5,Mach Infinity,Computer Science Intern,"Karnataka, India (Remote)"
6,Infosys,ReactJS Developer,India (Remote)
7,ONLINE WORK FROM HOME OPPORTUNITY,Student,India (Remote)
8,Aptimized,HTML Developer,"Hyderabad, Telangana, India (Remote)"
9,Hotstar,CS Reporting and Backoffice Support,"Mumbai, Maharashtra, India"
10,Tata Elxsi,Project Manager,"Mumbai, Maharashtra, India (On-site)"
11,Brainnest,Junior Project Manager Intern (Remote Internship),"Mumbai, Maharashtra, India (On-site)"
12,Amazon,Software Development Engineer I,"Mumbai, Maharashtra, India (On-site)"
13,Capita,Sr/Jr Java Developer,"Pune, Maharashtra, India (Remote)"
14,Crossover for Work,"Junior Developer - Java, Upland (Remote) - $30,000/year USD","Mumbai, Maharashtra, India (Remote)"
15,VidyaInfinity Foundation,Intern,"Mumbai, Maharashtra, India (Hybrid)"
16,IBM,Application Developer: Java & Web Technologies,"Mumbai, Maharashtra, India (On-site)"
17,Tata Institute of Social Sciences,Software Developer,"Mumbai, Maharashtra, India (On-site)"
18,Mach Infinity,Computer Science Intern,"Karnataka, India (Remote)"
19,Mastergy,Student Intern,India (Remote)
20,Infosys,ReactJS Developer,India (Remote)
21,Aptimized,HTML Developer,"Hyderabad, Telangana, India (Remote)"
22,Marriott Hotels,Engineering Associate,"Mumbai, Maharashtra, India (On-site)"
